name,price,rating,description
Asus VivoBook X441NA-GA190,$295.99,3,"Asus VivoBook X441NA-GA190 Chocolate Black, 14"", Celeron N3450, 4GB, 128GB SSD, Endless OS, ENG kbd"
Prestigio SmartBook 133S Dark Grey,$299,2,"Prestigio SmartBook 133S Dark Grey, 13.3"" FHD IPS, Celeron N3350 1.1GHz, 4GB, 32GB, Windows 10 Pro + Office 365 1 gadam"
Prestigio SmartBook 133S Gold,$299,4,"Prestigio SmartBook 133S Gold, 13.3"" FHD IPS, Celeron N3350 1.1GHz, 4GB, 32GB, Windows 10 Pro + Office 365 1 gadam"
Aspire E1-510,$306.99,3,"15.6"", Pentium N3520 2.16GHz, 4GB, 500GB, Linux"
Lenovo V110-15IAP,$321.94,3,"Lenovo V110-15IAP, 15.6"" HD, Celeron N3350 1.1GHz, 4GB, 128GB SSD, Windows 10 Home"
Lenovo V110-15IAP,$356.49,2,"Asus VivoBook 15 X540NA-GQ008T Chocolate Black, 15.6"" HD, Pentium N4200, 4GB, 500GB, Windows 10 Home, En kbd"
Hewlett Packard 250 G6 Dark Ash Silver,$364.46,1,"Hewlett Packard 250 G6 Dark Ash Silver, 15.6"" HD, Celeron N3060 1.6GHz, 4GB, 128GB SSD, DOS"
Acer Aspire 3 A315-31 Black,$372.7,2,"Acer Aspire 3 A315-31 Black, 15.6"" HD, Celeron N3350 1.1GHz, 4GB, 128GB SSD, Windows 10 Home"
Acer Aspire A315-31-C33J,$379.94,2,"Acer Aspire A315-31-C33J Black 15.6"", HD, Celeron N3350, 4GB DDR3L, 128GB, Windows 10 Home, ENG"
Acer Aspire ES1-572 Black,$379.95,4,"Acer Aspire ES1-572 Black, 15.6"" HD, Core i3-6006U, 4GB, 128GB SSD, Linux"
Acer Aspire 3 A315-31 Black,$391.48,4,"Acer Aspire 3 A315-31 Black, 15.6"" HD, Pentium N4200 1.1GHz, 4GB, 128GB SSD, Windows 10 Home"
Acer Aspire 3 A315-21,$393.88,3,"Acer Aspire 3 A315-21, 15.6"", AMD A4-9120. 4GB. 128GB SSD, Linux"
Asus VivoBook Max,$399,1,"Asus VivoBook Max X541NA-GQ041 Black Chocolate, 15.6"" HD, Pentium N4200 1.1GHz, 4GB, 500GB, Windows 10 Home"
Asus VivoBook E502NA-GO022T Dark Blue,$399.99,4,"Asus VivoBook E502NA-GO022T Dark Blue, 15.6"" HD, Pentium N4200 1.1GHz, 4GB, 128GB SSD, Windows 10 Home, En/Ru kbd"
Lenovo ThinkPad E31-80,$404.23,1,"Lenovo ThinkPad E31-80, 13.3"" HD, Celeron 3855U 1.6GHz, 4GB, 128GB SSD, Windows 10 Home"
Acer Aspire 3 A315-31 Black,$408.98,4,"Acer Aspire 3 A315-31 Black, 15.6"" HD, Pentium N4200 1.1GHz, 4GB, 128GB SSD, Windows 10 Home"
Lenovo V110-15ISK,$409.63,3,"Lenovo V110-15ISK, 15.6"" HD, Core i3-6006U, 8GB, 128GB SSD, Windows 10 Home"
Acer Aspire ES1-732 Black,$410.46,4,"Acer Aspire ES1-732 Black, 17.3"" HD+, Celeron, N3350, 4GB, 1TB, Windows 10 Home"
Asus VivoBook 15 X540NA-GQ026T,$410.66,4,"Asus VivoBook 15 X540NA-GQ026T Chocolate Black, 15.6"" HD, Pentium N4200, 4GB, 128GB SSD, Windows 10 Home, En/Ru kbd"
Packard 255 G2,$416.99,2,"15.6"", AMD E2-3800 1.3GHz, 4GB, 500GB, Windows 8.1"
Asus EeeBook R416NA-FA014T,$433.3,1,"Asus EeeBook R416NA-FA014T, 14"" FHD, Pentium N4200, 4GB, 128GB eMMC, Windows 10 Home, Eng kbd"
Acer Aspire 3 A315-51,$436.29,1,"Acer Aspire 3 A315-51, 15.6"" HD, Core i3-6006U, 4GB, 1TB, Windows 10 Home"
Acer Aspire ES1-572 Black,$436.29,1,"Acer Aspire ES1-572 Black, 15.6"" HD, Core i3-6006U, 4GB, 500GB, Windows 10 Home"
Acer Extensa 15 (2540) Black,$439.73,4,"Acer Extensa 15 (2540) Black, 15.6"" HD, Core i5-7200U, 4GB, 500GB, Linux"
Acer Aspire ES1-572 Black,$454.62,1,"Acer Aspire ES1-572 Black, 15.6"" HD, Core i5-7200U, 4GB, 500GB, Linux"
Lenovo V110-15ISK,$454.73,2,"Lenovo V110-15ISK, 15.6"" HD, Core i3-6006U, 4GB, 128GB SSD, Windows 10 Pro"
Acer Aspire A315-51-33TG,$457.38,3,"Acer Aspire A315-51-33TG, Black 15.6"" HD, Core i3-7100U, 4GB DDR4, 128GB SSD, Windows 10 Home, ENG"
Lenovo V110-15IKB,$465.95,1,"Lenovo V110-15IKB, 15.6"" HD, Core i5-7200U, 4GB, 500GB, DOS"
Asus VivoBook 15 X540UA-DM260 Chocolate Black,$468.56,3,"Asus VivoBook 15 X540UA-DM260 Chocolate Black, 15.6"" FHD, Core i3-6006U, 4GB, 256GB SSD, Endless OS, En kbd"
Acer Aspire ES1-572 Black,$469.1,3,"Acer Aspire ES1-572 Black, 15.6"" HD, Core i3-6006U, 4GB, 128GB SSD, Windows 10 Home"
Lenovo V510 Black,$484.23,3,"Lenovo V510 Black, 14"" HD, Core i3-6006U, 4GB, 128GB SSD, Windows 10 Home"
Acer Aspire ES1-572 Black,$485.9,3,"Acer Aspire ES1-572 Black, 15.6"" HD, Core i5-7200U, 4GB, 128GB SSD, Linux"
Lenovo V510 Black,$487.8,2,"Lenovo V510 Black, 15.6"" HD, Core i3-6006U, 4GB, 128GB SSD, Windows 10 Home"
Acer Swift 1 SF113-31 Silver,$488.64,3,"Acer Swift 1 SF113-31 Silver, 13.3"" FHD, Pentium N4200, 4GB, 128GB SSD, Windows 10 Home"
Dell Vostro 15,$488.78,4,"Dell Vostro 15 (3568) Black, 15.6"" FHD, Core i5-7200U, 4GB, 128GB SSD, Radeon R5 M420 2GB, Linux"
Acer Aspire 3 A315-51 Black,$494.71,4,"Acer Aspire 3 A315-51 Black, 15.6"" FHD, Core i3-7100U, 4GB, 500GB + 128GB SSD, Windows 10 Home"
Dell Vostro 15 (3568) Red,$497.17,1,"Dell Vostro 15 (3568) Red, 15.6"" HD, Core i5-7200U, 4GB, 1TB, Radeon R5 M420 2GB, Linux"
Lenovo V510 Black,$498.23,3,"Lenovo V510 Black, 15.6"" FHD, Core i3-7100U, 4GB, 128GB SSD, Windows 10 Pro"
HP 250 G3,$520.99,2,"15.6"", Core i5-4210U, 4GB, 500GB, Windows 8.1"
Acer Spin 5,$564.98,2,"Acer Spin 5 SP513-51 Black, 13.3"" FHD Touch, Core i3-7100U, 4GB, 128GB SSD, Windows 10 Home"
HP 350 G1,$577.99,2,"15.6"", Core i5-4200U, 4GB, 750GB, Radeon HD8670M 2GB, Windows"
Aspire E1-572G,$581.99,1,"15.6"", Core i5-4200U, 8GB, 1TB, Radeon R7 M265, Windows 8.1"
Pavilion,$609.99,1,"15.6"", Core i5-4200U, 6GB, 750GB, Windows 8.1"
Acer Aspire A515-51-5654,$679,2,"Acer Aspire A515-51-5654, Black, 15.6"", FHD, Core i5-8250U, 8GB DDR4, 256GB SSD, Windows 10 Home, ENG"
Dell Inspiron 15,$679,2,"Dell Inspiron 15 (5567) Fog Gray, 15.6"" FHD, Core i5-7200U, 8GB, 1TB, Radeon R7 M445 4GB, Linux"
Asus VivoBook S14,$729,1,"Asus VivoBook S14 (S406UA-BV041T) Starry Grey, 14"", Core i5-8250U, 8GB, 256GB SSD, Windows 10 Home, Eng kbd"
ProBook,$739.99,4,"14"", Core i5 2.6GHz, 4GB, 500GB, Win7 Pro 64bit"
Inspiron 15,$745.99,3,"Moon Silver, 15.6"", Core i7-4510U, 8GB, 1TB, Radeon HD R7 M265 2GB,"
Asus ROG STRIX GL553VD-DM256,$799,2,"Asus ROG STRIX GL553VD-DM256, 15.6"" FHD, Core i5-7300HQ, 8GB, 1TB, GeForce GTX 1050 2GB, No OS"
Acer Nitro 5 AN515-51,$809,1,"Acer Nitro 5 AN515-51, 15.6"" FHD IPS, Core i5-7300HQ, 8GB, 1TB, GeForce GTX 1050 2GB, Windows 10 Home"
Asus ROG STRIX GL553VD-DM256,$899,1,"Asus ROG STRIX GL553VD-DM256, 15.6"" FHD, Core i5-7300HQ, 8GB, 1TB, GeForce GTX 1050 2GB, No OS + Windows 10 Home"
Lenovo ThinkPad L570,$999,3,"Lenovo ThinkPad L570, 15.6"" FHD, Core i7-7500U, 8GB, 256GB SSD, Windows 10 Pro"
ThinkPad Yoga,$1033.99,2,"12.5"" Touch, Core i3-4010U, 4GB, 500GB + 16GB SSD Cache,"
Lenovo ThinkPad L460,$1096.02,4,"Lenovo ThinkPad L460, 14"" FHD IPS, Core i7-6600U, 8GB, 256GB SSD, Windows 10 Pro"
Dell Inspiron 15 (7567) Black,$1098.42,1,"Dell Inspiron 15 (7567) Black, 15.6"" FHD, Core i5-7300HQ, 8GB, 256GB SSD, GeForce GTX 1050 4GB, Windows 10 Home"
MSI GL72M 7RDX,$1099,4,"MSI GL72M 7RDX, 17.3"" FHD, Core i5-7300HQ, 8GB, 1TB + 128GB SSD, GeForce GTX 1050 2GB, Windows 10 Home"
MSI GL72M 7RDX,$1099,1,"Asus ROG Strix GL553VD-DM535T, 15.6"" FHD, Core i7-7700HQ, 8GB, 1TB + 128GB SSD, GeForce GTX 1050 2GB, Windows 10 Home, Eng kbd"
Asus ROG Strix GL553VD-DM535T,$1101.83,2,"Apple MacBook Air 13.3"", Core i5 1.8GHz, 8GB, 128GB SSD, Intel HD 4000, RUS"
Dell Latitude 5280,$1102.66,1,"Dell Latitude 5280, 12.5"" HD, Core i5-7300U, 8GB, 256GB SSD, Windows 10 Pro"
Dell Latitude 5480,$1110.14,3,"Dell Latitude 5480, 14"" FHD, Core i5-7300U, 8GB, 500GB, Linux + Windows 10 Home"
Lenovo Legion Y520-15IKBM,$1112.91,4,"Lenovo Legion Y520-15IKBM, Black, 15.6"" FHD IPS, Core i5-7300HQ, 8 GB, 128GB SSD + 2 TB HDD, NVIDIA GeForce GTX 1060 6 GB, FreeDOS + Windows 10 Home"
Toshiba Portege Z30-C-16J Grey,$1114.55,1,"Toshiba Portege Z30-C-16J Grey, 13.3"" FHD, Core i5-6200U, 8GB, 256GB SSD, Windows 10 Pro"
Acer Predator Helios 300 (PH317-51),$1123.87,2,"Acer Predator Helios 300 (PH317-51), 17.3"" FHD IPS, Core i5-7300HQ, 8GB, 1TB + 128GB SSD, GeForce GTX 1050Ti 4GB, Windows 10 Home"
Acer Aspire 7 A715-71G,$1123.87,2,"Acer Aspire 7 A715-71G, 15.6"" FHD IPS, Core i7-7700HQ, 8GB, 128GB SSD + 1TB HDD, GTX 1050 Ti 4GB, Windows 10 Home"
Dell Inspiron 17 2in1 (7779) Silver,$1124.2,3,"Dell Inspiron 17 2in1 (7779) Silver, 17.3"" FHD Touch, Core i5-7200U, 12GB, 1TB, GeForce GT940MX 2GB, Windows 10 Home"
Dell Latitude 5480,$1133.82,4,"Dell Latitude 5480, 14"" FHD, Core i5-7300U, 8GB, 500GB, Windows 10 Pro"
Lenovo Legion Y520,$1133.91,1,"Lenovo Legion Y520, 15.6"" FHD, Core i7-7700HQ, 8GB, 128 GB SSD + 1TB HDD, GTX 1050 4GB, Windows 10 Home"
Asus AsusPro Advanced BU401LA-FA271G Dark Grey,$1139.54,3,"Asus AsusPro Advanced BU401LA-FA271G Dark Grey, 14"", Core i5-4210U, 4GB, 128GB SSD, Win7 Pro 64bit, ENG"
Acer Nitro 5 AN515-51,$1140.62,3,"Acer Nitro 5 AN515-51, 15.6"" FHD IPS, Core i7-7700HQ, 8GB, 256GB SSD +1TB, GeForce GTX 1050 Ti 4GB, Windows 10 Home + Windows 10 Home"
Dell Latitude 5480,$1143.4,4,"Dell Latitude 5480, 14"" FHD, Core i5-7440HQ, 8GB, 256GB SSD, Windows 10 Pro"
Dell Inspiron 15 (7567) Black,$1144.2,1,"Dell Inspiron 15 (7567) Black, 15.6"" FHD, Core i7-7700HQ, 8GB, 1TB, GeForce GTX 1050 Ti 4GB, Linux + Windows 10 Home"
Dell Latitude 5580,$1144.4,3,"Dell Latitude 5580, 15.6"" FHD, Core i5-7300U, 8GB, 256GB SSD, Windows 10 Pro"
Lenovo Legion Y520-15IKBM,$1149,3,"Lenovo Legion Y520-15IKBM, 15.6"" FHD IPS, Core i7-7700HQ, 8GB, 128GB SSD + 1TB, GeForce GTX 1060 Max-Q 6GB, DOS"
MSI GP62M 7RDX Leopard,$1149,1,"MSI GP62M 7RDX Leopard, 15.6"" FHD, Core i7-7700HQ, 8GB, 1TB + 128GB SSD, GeForce GTX 1050 2GB, Windows 10 Home"
Lenovo Yoga 720 Grey,$1149.73,2,"Lenovo Yoga 720 Grey, 15.6"" FHD IPS, Core i5-7300HQ, 8GB, 256GB SSD, GeForce GTX 1050 2GB, Windows 10 Home"
Toshiba Portege Z30-C-16L Grey,$1154.04,1,"Toshiba Portege Z30-C-16L Grey, 13.3"" FHD, Core i7-6500U, 8GB, 256GB SSD, Windows 10 Pro"
Acer TravelMate P645-S-511A Black,$1170.1,1,"Acer TravelMate P645-S-511A Black, 14"" FHD IPS, Core i5-5200U, 8GB, 256GB SSD, 3G, Windows 10 Pro"
Dell Latitude 5580,$1178.19,3,"Dell Latitude 5580, 15.6"" FHD, Core i5-7300U, 16GB, 256GB SSD, Linux + Windows 10 Home"
ThinkPad T540p,$1178.99,1,"15.6"", Core i5-4200M, 4GB, 500GB, Win7 Pro 64bit"
MSI GS63 7RD Stealth,$1179,1,"MSI GS63 7RD Stealth, 15.6"" FHD IPS, Core i7-7700HQ, 8GB, 256GB SSD, GeForce GTX 1050 2GB, DOS + Windows 10 Home"
Dell Latitude 5480,$1187.88,3,"Dell Latitude 5480, 14"" FHD, Core i5-7300U, 8GB, 256GB SSD, Windows 10 Pro"
Acer Predator Helios 300 (PH317-51),$1187.98,3,"Acer Predator Helios 300 (PH317-51), 17.3"" FHD IPS, Core i7-7700HQ. 8GB, 128GB SSD +1TB, GeForce GTX 1050Ti 4GB, Linux + Windows 10 Home"
MSI GL62M 7REX,$1199,1,"MSI GL62M 7REX, 15.6"" FHD, Core i7-7700HQ, 8GB, 1TB + 128GB SSD, GeForce GTX 1050 Ti 2GB, Windows 10 Home"
MSI GL62M 7REX2,$1199,2,"MSI GL62M 7REX2, 15.6"" FHD, Core i7-7700HQ, 8GB, 1TB + 128GB SSD, GeForce GTX 1050 Ti 2GB, Windows 10 Home"
Lenovo Yoga 910 Grey,$1199.73,3,"Lenovo Yoga 910 Grey, 13.9"" FHD Touch, Core i5-7200U, 8GB, 256GB SSD, Windows 10 Home"
Toshiba Portege X30-D-10J Black/Blue,$1203.41,4,"Toshiba Portege X30-D-10J Black/Blue, 13.3"" FHD IPS, Core i5-7200U, 8GB, 256GB SSD, Windows 10 Pro"
Lenovo IdeaPad Miix 510 Platinum Silver,$1212.16,4,"Lenovo IdeaPad Miix 510 Platinum Silver, 12.2"" IPS Touch, Core i5-7200U, 8GB, 256GB SSD, 4G, Windows 10 Pro"
Acer Predator Helios 300 (PH317-51),$1221.58,1,"Acer Predator Helios 300 (PH317-51), 17.3"" FHD IPS, Core i7-7700HQ, 8GB, 1TB + 128GB SSD, GeForce GTX 1050 Ti 4GB, Windows 10 Home"
ThinkPad Yoga,$1223.99,3,"12.5"" Touch, Core i5 4200U, 8GB, 500GB + 16GB SSD Cache, Windows"
Asus VivoBook Pro 15 N580VN-FI006T Gold Metal,$1235.49,2,"Asus VivoBook Pro 15 N580VN-FI006T Gold Metal, 15.6"" UHD, Core i7-7700HQ, 16GB, 1TB + 256GB SSD, GeForce MX150 2GB, Windows 10 Home, Eng kbd"
Dell Latitude 5480,$1238.37,2,"Dell Latitude 5480, 14"" FHD, Core i7-7600U, 8GB, 256GB SSD, Linux"
Asus ZenBook UX530UX-FY040T Blue,$1239.2,1,"Asus ZenBook UX530UX-FY040T Blue, 15.6"" FHD, Core i7-7500U, 8GB, 512GB SSD, GeForce GTX950M 2GB, Windows 10 Home, Eng kbd"
ThinkPad X230,$1244.99,3,"12.5"", Core i5 2.6GHz, 8GB, 180GB SSD, Win7 Pro 64bit"
Asus ROG Strix GL753VE-GC096T,$1259,4,"Asus ROG Strix GL753VE-GC096T, 17.3"" FHD, Core i7-7700HQ, 8GB, 1TB + 128GB SSD, GeForce GTX 1050 Ti 4GB, Windows 10 Home, Eng kbd"
"Apple MacBook Air 13""",$1260.13,4,"Apple MacBook Air 13"", i5 1.8GHz, 8GB, 256GB SSD, Intel HD 6000, ENG"
Dell Latitude 5480,$1271.06,1,"Dell Latitude 5480, 14"" FHD, Core i7-7600U, 8GB, 1TB, GeForce GT930MX, Windows 10 Pro"
Hewlett Packard Spectre 13-v106na Dark Ash Silver,$1273.11,3,"Hewlett Packard Spectre 13-v106na Dark Ash Silver, 13.3"" FHD IPS, Core i5-7200U, 8GB, 256GB SSD, Windows 10 Home"
Dell XPS 13,$1281.99,3,"13.3"" Touch, Core i5-4210U, 8GB, 128GB SSD, Windows 8.1"
Toshiba Portege Z30-C-16K Grey,$1294.74,1,"Toshiba Portege Z30-C-16K Grey, 13.3"" FHD, Core i5-6200U, 8GB, 256GB SSD, 4G, Windows 10 Pro"
MSI GL62VR 7RFX,$1299,3,"MSI GL62VR 7RFX, 15.6"" FHD, Core i7-7700HQ, 8GB, 1TB + 256GB SSD, GeForce GTX 1060 3GB, Windows 10 Home"
Dell Latitude 5480,$1310.39,3,"Dell Latitude 5480, 14"" FHD, Core i7-7600U, 8GB, 256GB SSD, Windows 10 Pro"
ThinkPad X240,$1311.99,3,"12.5"", Core i5-4300U, 8GB, 240GB SSD, Win7 Pro 64bit"
Hewlett Packard ProBook 640 G3,$1326.83,1,"Hewlett Packard ProBook 640 G3, 14"" FHD, Core i7-7600U, 8GB, 256GB SSD, Windows 10 Pro"
"Apple MacBook Pro 13"" Space Gray",$1333,1,"Apple MacBook Pro 13"" Space Gray, Core i5 2.3GHz, 8GB, 128GB SSD, Iris Plus 640, ENG"
Dell Latitude 5580,$1337.28,1,"Dell Latitude 5580, 15.6"" FHD, Core i7-7600U, 8GB, 256GB SSD, GeForce GT930MX, Windows 10 Pro"
Dell Latitude 5480,$1338.37,2,"Dell Latitude 5480, 14"" FHD, Core i7-7600U, 8GB, 256GB SSD, Linux + Windows 10 Home"
Dell Latitude 5580,$1341.22,3,"Dell Latitude 5580, 15.6"" FHD, Core i7-7600U, 16GB, 256GB SSD, GeForce GT930MX, Linux"
"Apple MacBook Air 13""",$1347.78,2,"Apple MacBook Air 13"", Intel Core i5 1.8GHz, 8GB, 256GB SSD, Intel HD 6000, RUS"
Lenovo ThinkPad T470,$1349.23,1,"Lenovo ThinkPad T470, 14"" FHD IPS, Core i5-7200U, 8GB, 256GB SSD, Windows 10 Pro"
Lenovo ThinkPad Yoga 370 Black,$1362.24,2,"Lenovo ThinkPad Yoga 370 Black, 13.3"" FHD IPS Touch, Core i5-7200U, 8GB, 256GB SSD, 4G, Windows 10 Pro"
Toshiba Portege X20W-D-10V Black/Blue,$1366.32,1,"Toshiba Portege X20W-D-10V Black/Blue, 12.5"" FHD Touch, Core i7-7500U, 8GB, 512GB SSD, Windows 10 Pro"
Asus ASUSPRO B9440UA-GV0279R Gray,$1381.13,1,"Asus ASUSPRO B9440UA-GV0279R Gray, 14"" FHD, Core i7-7500U, 16GB, 512GB SSD, Windows 10 Pro, Eng kbd"
Lenovo Legion Y720,$1399,3,"Lenovo Legion Y720, 15.6"" FHD IPS, Core i7-7700HQ, 8GB, 128GB SSD + 2TB HDD, GeForce GTX 1060 6GB, DOS, RGB backlit keyboard"
Asus ROG Strix GL702VM-GC146T,$1399,3,"Asus ROG Strix GL702VM-GC146T, 17.3"" FHD, Core i7-7700HQ, 8GB, 1TB + 128GB SSD, GeForce GTX 1060 3GB, Windows 10 Home, Eng kbd"
Asus ROG Strix GL702ZC-GC154T,$1769,4,"Asus ROG Strix GL702ZC-GC154T, 17.3"" FHD, Ryzen 7 1700, 16GB, 256GB + 1TB HDD, Radeon RX 580 4GB, Windows 10 Home"
Asus ROG Strix GL702ZC-GC209T,$1769,1,"Asus ROG Strix GL702ZC-GC209T, 17.3"" FHD IPS, Ryzen 7 1700, 16GB, 256GB SSD + 1TB HDD, Radeon RX 580 4GB, Windows 10 Home"
Asus ROG Strix SCAR Edition GL503VM-ED115T,$1799,3,"Asus ROG Strix SCAR Edition GL503VM-ED115T, 15.6"" FHD 120Hz, Core i7-7700HQ, 16GB, 256GB SSD + 1TB SSHD, GeForce GTX 1060 6GB, Windows 10 Home"
