name,price,shop,location,rating,link
Mouse Logitech B100 Black USB Office Mice,Rp69.000,ESES Komputer Tasikmalaya,Tasikmalaya,5.0,https://www.tokopedia.com/eseskomputertasikmalaya/mouse-logitech-b100-black-usb-office-mice-1731481886243718236
Logitech Keyboard + Mouse B100 (K120 + B100) USB Resmi,Rp192.000,Pazcom,Jakarta Pusat,5.0,https://www.tokopedia.com/pazcom/logitech-keyboard-mouse-b100-k120-b100-usb-resmi
LOGITECH B100 Optical Mouse,Rp66.800,Donatur official store,Surabaya,5.0,https://www.tokopedia.com/donatur/logitech-b100-optical-mouse-1730008149844657650
"Mouse Logitech M171 M170 Black Grey Blue Red Rose Off White BlueGray Wireless for Windows, Mac, ChromeOS Logitech Mouse Wired B100 Black Optical USB Kabel Bergaransi",Rp72.000,FixPrint Plus,Kab. Sleman,5.0,https://www.tokopedia.com/fixprint-plus/mouse-logitech-m171-m170-black-grey-blue-red-rose-off-white-bluegray-wireless-for-windows-mac-chromeos-logitech-mouse-wired-b100-black-optical-usb-kabel-bergaransi-1730865259425531019
Logitech B100 Optical Mouse USB - Black,Rp70.800,Reformasi Computer,Jakarta Barat,5.0,https://www.tokopedia.com/reformasicompute/logitech-b100-optical-mouse-usb-black
Mouse Logitech B100 Mouse Kabel USB Optical,Rp65.000,Uptodatebdg,Bandung,5.0,https://www.tokopedia.com/uptod4te/mouse-logitech-b100-mouse-kabel-usb-optical
LOGITECH B100 MOUSE KABEL USB OPTICAL WIRED,Rp74.000,IMBA PC,Jakarta Utara,5.0,https://www.tokopedia.com/imbapc/logitech-b100-mouse-kabel-usb-optical-wired-1729886666813048162
Mouse Logitech B100 Original Usb Optical,Rp62.000,outletPC.id,Medan,5.0,https://www.tokopedia.com/outletpcid/mouse-logitech-b100-original-usb-optical
Mouse Logitech B100 Black USB Office Mice,Rp69.000,ESES Komputer,Bandung,5.0,https://www.tokopedia.com/eseskomputer/mouse-logitech-b100-black-usb-office-mice-1731232594207344208
Logitech B100 Mouse Kabel USB Optical Wired,Rp73.000,Vidsen Online,Jakarta Pusat,5.0,https://www.tokopedia.com/vidsenonline/mouse-usb-logitech-b100-optical-mouse-1729640484079766115
LOGITECH B100 USB MOUSE KABEL - BLACK,Rp74.000,LAPTOP MURAH CIREBON_NEW,Cirebon,5.0,https://www.tokopedia.com/laptop-murah-cirebon/logitech-b100-usb-mouse-kabel-black-1733919505033626658-1735388952659199010
LOGITECH B100 OPTICAL USB MOUSE | GARANSI RESMI ORIGINAL,Rp64.000,STAR SEVENTEEN COM,Jakarta Selatan,5.0,https://www.tokopedia.com/star-seventeen-com/logitech-b100-optical-usb-mouse-garansi-resmi-original
Logitech B100 Mouse Kabel USB Optical Wired,Rp74.000,Agres Plus,Jakarta Pusat,5.0,https://www.tokopedia.com/agresplus/logitech-b100-mouse-kabel-usb-optical-wired-1732236811023910283
Mouse Logitech B100 Optical USB Mouse,Rp66.000,KomputerMedan OS,Medan,5.0,https://www.tokopedia.com/komputermedan/logitech-b100-optical-usb-mouse
Logitech B100 Mouse Kabel Usb Optical Wired,Rp74.000,Gamer ID Karawang,Kab. Karawang,5.0,https://www.tokopedia.com/gamer-id-karawang/logitech-b100-mouse-kabel-usb-optical-wired-1732467176190019492
Logitech B100 Optical Mouse USB Original Garansi Resmi 1 Tahun,Rp70.500,Doran Gadget Store,Surabaya,5.0,https://www.tokopedia.com/dorangadget/logitech-b100-optical-mouse-usb-original-garansi-resmi-1-tahun
Logitech B100 Mouse Kabel USB Optical Wired,Rp64.000,Agres ID Karawang,Kab. Karawang,5.0,https://www.tokopedia.com/agresidkarawang/logitech-b100-mouse-kabel-usb-optical-wired-1732463105857324631
Logitech B100 Optical USB Mouse Kabel Computer,Rp73.000,Metoocel,Surabaya,5.0,https://www.tokopedia.com/metoocel/logitech-b100-optical-usb-mouse-kabel-computer-1731295177777120672
Mouse Logitech B100 - USB - B 100 - PC Komputer,Rp105.000,Central Technology Computer,Jakarta Pusat,5.0,https://www.tokopedia.com/ctcharco/mouse-logitech-b100-usb-b-100-pc-komputer
Logitech Mouse B100 Optical USB Original,Rp68.500,Doran Gadget Official,Surabaya,5.0,https://www.tokopedia.com/doran-gadget-official/logitech-mouse-b100-optical-usb-original
Mouse Logitech B100 USB Original Garansi Resmi - 1 Tahun,Rp70.000,Doran Wearable Official Store,Jakarta Pusat,5.0,https://www.tokopedia.com/doranwearableofficial/mouse-logitech-b100-usb-original-garansi-resmi-1-tahun-1729830576040936619
LOGITECH B100 MOUSE KABEL USB OPTICAL WIRED,Rp64.000,LEGEND.ELTRO.ID,Tangerang Selatan,5.0,https://www.tokopedia.com/legendeltro-id/logitech-b100-mouse-kabel-usb-optical-wired-1732464547347596337-1735426250129310769
Mouse USB Logitech B100 / B 100,Rp69.000,GGSTORESBY,Surabaya,5.0,https://www.tokopedia.com/ggstore-sby/mouse-usb-logitech-b100-b-100
Logitech B100 Mouse Kabel USB Optical Wired,Rp74.000,Carbon Official Store,Jakarta Pusat,5.0,https://www.tokopedia.com/carbonofficial/logitech-b100-mouse-kabel-usb-optical-wired-1732237472799819329
Mouse Optical USB Logitech B-100 / B100,Rp66.000,KomputerMedan OS,Medan,5.0,https://www.tokopedia.com/komputermedan/mouse-optical-usb-logitech-b-100-b100-1730910197099759030
